"","rep","fst"
"1","r1",0.0930238524240369
"2","r2",0.0894992624933265
"3","r3",0.0897901819129439
"4","r4",0.0878829189987379
"5","r5",0.0873050187026314
"6","r6",0.0914388993684802
"7","r7",0.0923412926079705
"8","r8",0.091266959988384
"9","r9",0.0884640662359976
"10","r10",0.090763279603369
