"","rep","pi"
"1",1,0.335203879101706
"2",2,0.340431938969367
"3",3,0.338394463240835
"4",4,0.33988698711485
"5",5,0.342262879816871
"6",6,0.333456329858131
"7",7,0.332576754388018
"8",8,0.337160675412619
"9",9,0.340520223555302
"10",10,0.336704800091616
