"","rep","TP_r","VP_r"
"1",1,0.65,-0.01
"2",2,0.86,0.08
"3",3,0.47,-0.0991723841034598
"4",4,0.87,0.064142106608225
"5",5,0.8881035,0.0577262932737498
"6",6,0.6646904,0.103615038980808
"7",7,0.731858,0.0573061901168517
"8",8,0.6713137,0.127276715676397
"9",9,0.9055388,0.186078246399241
"10",10,0.7571073,0.0600878228589283
